tps,count,status
1000,934416,2xx
1000,0,3xx
1000,78230,4xx
1000,0,5xx
1498,1010747,2xx
1498,0,3xx
1498,82371,4xx
1498,0,5xx
2000,1020186,2xx
2000,0,3xx
2000,56728,4xx
2000,0,5xx
2498,1008464,2xx
2498,0,3xx
2498,67438,4xx
2498,0,5xx
5002,936535,2xx
5002,0,3xx
5002,84729,4xx
5002,0,5xx
9998,949969,2xx
9998,0,3xx
9998,12370,4xx
9998,0,5xx
15001,943928,2xx
15001,0,3xx
15001,48273,4xx
15001,0,5xx
20001,924447,2xx
20001,0,3xx
20001,48203,4xx
20001,0,5xx
24999,986628,2xx
24999,0,3xx
24999,38240,4xx
24999,0,5xx
29998,930622,2xx
29998,0,3xx
29998,57842,4xx
29998,0,5xx
34998,994939,2xx
34998,0,3xx
34998,78400,4xx
34998,0,5xx
39999,908753,2xx
39999,0,3xx
39999,47240,4xx
39999,10378,5xx
45000,901949,2xx
45000,0,3xx
45000,74830,4xx
45000,23782,5xx
50205,989120,2xx
50205,0,3xx
50205,88740,4xx
50205,67482,5xx
